backend,mode,placement,repetition,event,value,operations
dram,warm-load,same-numa,0,benchmark.average_ns,51.777,1000000
dram,warm-load,same-numa,0,benchmark.p50_ns,59.002,1000000
dram,warm-load,same-numa,0,benchmark.p95_ns,90.003,1000000
dram,warm-load,same-numa,0,benchmark.p99_ns,98.003,1000000
dram,warm-load,same-numa,0,mem_load_retired.local_cxl_mem,0.0,1000000
dram,warm-load,same-numa,0,cxl_pmu_mem0.0/m2s_req_memrd/,93.0,1000000
dram,cold-load,same-numa,0,benchmark.average_ns,192.606,1000000
dram,cold-load,same-numa,0,benchmark.p50_ns,169.004,1000000
dram,cold-load,same-numa,0,benchmark.p95_ns,317.008,1000000
dram,cold-load,same-numa,0,benchmark.p99_ns,489.012,1000000
dram,cold-load,same-numa,0,mem_load_retired.local_cxl_mem,0.0,1000000
dram,cold-load,same-numa,0,cxl_pmu_mem0.0/m2s_req_memrd/,350.0,1000000
dram,message-passing,same-numa,0,benchmark.average_ns,773.055,1000000
dram,message-passing,same-numa,0,benchmark.p50_ns,0.0,1000000
dram,message-passing,same-numa,0,benchmark.p95_ns,0.0,1000000
dram,message-passing,same-numa,0,benchmark.p99_ns,0.0,1000000
dram,message-passing,same-numa,0,mem_load_l3_hit_retired.xsnp_fwd,2952061.0,1000000
dram,message-passing,same-numa,0,cxl_pmu_mem0.0/m2s_req_memrd/,344.0,1000000
dram,message-passing,cross-numa,0,benchmark.average_ns,896.938,1000000
dram,message-passing,cross-numa,0,benchmark.p50_ns,0.0,1000000
dram,message-passing,cross-numa,0,benchmark.p95_ns,0.0,1000000
dram,message-passing,cross-numa,0,benchmark.p99_ns,0.0,1000000
dram,message-passing,cross-numa,0,mem_load_l3_hit_retired.xsnp_fwd,1006764.0,1000000
dram,message-passing,cross-numa,0,cxl_pmu_mem0.0/m2s_req_memrd/,365.0,1000000
dram,handoff,same-numa,0,benchmark.average_ns,531.128,2000000
dram,handoff,same-numa,0,benchmark.p50_ns,0.0,2000000
dram,handoff,same-numa,0,benchmark.p95_ns,0.0,2000000
dram,handoff,same-numa,0,benchmark.p99_ns,0.0,2000000
dram,handoff,same-numa,0,mem_load_l3_hit_retired.xsnp_fwd,3986799.0,2000000
dram,handoff,same-numa,0,cxl_pmu_mem0.0/m2s_req_memrd/,288.0,2000000
dram,handoff,cross-numa,0,benchmark.average_ns,511.744,2000000
dram,handoff,cross-numa,0,benchmark.p50_ns,0.0,2000000
dram,handoff,cross-numa,0,benchmark.p95_ns,0.0,2000000
dram,handoff,cross-numa,0,benchmark.p99_ns,0.0,2000000
dram,handoff,cross-numa,0,mem_load_l3_hit_retired.xsnp_fwd,1996606.0,2000000
dram,handoff,cross-numa,0,cxl_pmu_mem0.0/m2s_req_memrd/,256.0,2000000
dram,fetch-add,same-numa,0,benchmark.average_ns,21.659,2000000
dram,fetch-add,same-numa,0,benchmark.p50_ns,0.0,2000000
dram,fetch-add,same-numa,0,benchmark.p95_ns,0.0,2000000
dram,fetch-add,same-numa,0,benchmark.p99_ns,0.0,2000000
dram,fetch-add,same-numa,0,mem_load_l3_hit_retired.xsnp_fwd,267079.0,2000000
dram,fetch-add,same-numa,0,cxl_pmu_mem0.0/m2s_req_memrd/,46.0,2000000
dram,fetch-add,cross-numa,0,benchmark.average_ns,27.582,2000000
dram,fetch-add,cross-numa,0,benchmark.p50_ns,0.0,2000000
dram,fetch-add,cross-numa,0,benchmark.p95_ns,0.0,2000000
dram,fetch-add,cross-numa,0,benchmark.p99_ns,0.0,2000000
dram,fetch-add,cross-numa,0,mem_load_l3_hit_retired.xsnp_fwd,22723.0,2000000
dram,fetch-add,cross-numa,0,cxl_pmu_mem0.0/m2s_req_memrd/,31.0,2000000
dram,cas,same-numa,0,benchmark.average_ns,19.674,2000000
dram,cas,same-numa,0,benchmark.p50_ns,0.0,2000000
dram,cas,same-numa,0,benchmark.p95_ns,0.0,2000000
dram,cas,same-numa,0,benchmark.p99_ns,0.0,2000000
dram,cas,same-numa,0,mem_load_l3_hit_retired.xsnp_fwd,47764.0,2000000
dram,cas,same-numa,0,cxl_pmu_mem0.0/m2s_req_memrd/,24.0,2000000
dram,cas,cross-numa,0,benchmark.average_ns,40.593,2000000
dram,cas,cross-numa,0,benchmark.p50_ns,0.0,2000000
dram,cas,cross-numa,0,benchmark.p95_ns,0.0,2000000
dram,cas,cross-numa,0,benchmark.p99_ns,0.0,2000000
dram,cas,cross-numa,0,mem_load_l3_hit_retired.xsnp_fwd,21894.0,2000000
dram,cas,cross-numa,0,cxl_pmu_mem0.0/m2s_req_memrd/,71.0,2000000
cxlmem,warm-load,same-numa,0,benchmark.average_ns,100.102,1000000
cxlmem,warm-load,same-numa,0,benchmark.p50_ns,98.007,1000000
cxlmem,warm-load,same-numa,0,benchmark.p95_ns,190.013,1000000
cxlmem,warm-load,same-numa,0,benchmark.p99_ns,365.025,1000000
cxlmem,warm-load,same-numa,0,mem_load_retired.local_cxl_mem,16322.0,1000000
cxlmem,warm-load,same-numa,0,cxl_pmu_mem0.0/m2s_req_memrd/,53579.0,1000000
cxlmem,cold-load,same-numa,0,benchmark.average_ns,387.432,1000000
cxlmem,cold-load,same-numa,0,benchmark.p50_ns,374.021,1000000
cxlmem,cold-load,same-numa,0,benchmark.p95_ns,498.027,1000000
cxlmem,cold-load,same-numa,0,benchmark.p99_ns,586.032,1000000
cxlmem,cold-load,same-numa,0,mem_load_retired.local_cxl_mem,999785.0,1000000
cxlmem,cold-load,same-numa,0,cxl_pmu_mem0.0/m2s_req_memrd/,1086510.0,1000000
cxlmem,message-passing,same-numa,0,benchmark.average_ns,843.773,1000000
cxlmem,message-passing,same-numa,0,benchmark.p50_ns,0.0,1000000
cxlmem,message-passing,same-numa,0,benchmark.p95_ns,0.0,1000000
cxlmem,message-passing,same-numa,0,benchmark.p99_ns,0.0,1000000
cxlmem,message-passing,same-numa,0,mem_load_l3_hit_retired.xsnp_fwd,3144969.0,1000000
cxlmem,message-passing,same-numa,0,cxl_pmu_mem0.0/m2s_req_memrd/,492.0,1000000
cxlmem,message-passing,cross-numa,0,benchmark.average_ns,693.073,1000000
cxlmem,message-passing,cross-numa,0,benchmark.p50_ns,0.0,1000000
cxlmem,message-passing,cross-numa,0,benchmark.p95_ns,0.0,1000000
cxlmem,message-passing,cross-numa,0,benchmark.p99_ns,0.0,1000000
cxlmem,message-passing,cross-numa,0,mem_load_l3_hit_retired.xsnp_fwd,1011117.0,1000000
cxlmem,message-passing,cross-numa,0,cxl_pmu_mem0.0/m2s_req_memrd/,976.0,1000000
cxlmem,handoff,same-numa,0,benchmark.average_ns,376.636,2000000
cxlmem,handoff,same-numa,0,benchmark.p50_ns,0.0,2000000
cxlmem,handoff,same-numa,0,benchmark.p95_ns,0.0,2000000
cxlmem,handoff,same-numa,0,benchmark.p99_ns,0.0,2000000
cxlmem,handoff,same-numa,0,mem_load_l3_hit_retired.xsnp_fwd,3992117.0,2000000
cxlmem,handoff,same-numa,0,cxl_pmu_mem0.0/m2s_req_memrd/,601.0,2000000
cxlmem,handoff,cross-numa,0,benchmark.average_ns,253.763,2000000
cxlmem,handoff,cross-numa,0,benchmark.p50_ns,0.0,2000000
cxlmem,handoff,cross-numa,0,benchmark.p95_ns,0.0,2000000
cxlmem,handoff,cross-numa,0,benchmark.p99_ns,0.0,2000000
cxlmem,handoff,cross-numa,0,mem_load_l3_hit_retired.xsnp_fwd,1985336.0,2000000
cxlmem,handoff,cross-numa,0,cxl_pmu_mem0.0/m2s_req_memrd/,579.0,2000000
cxlmem,fetch-add,same-numa,0,benchmark.average_ns,31.894,2000000
cxlmem,fetch-add,same-numa,0,benchmark.p50_ns,0.0,2000000
cxlmem,fetch-add,same-numa,0,benchmark.p95_ns,0.0,2000000
cxlmem,fetch-add,same-numa,0,benchmark.p99_ns,0.0,2000000
cxlmem,fetch-add,same-numa,0,mem_load_l3_hit_retired.xsnp_fwd,7051.0,2000000
cxlmem,fetch-add,same-numa,0,cxl_pmu_mem0.0/m2s_req_memrd/,127.0,2000000
cxlmem,fetch-add,cross-numa,0,benchmark.average_ns,36.492,2000000
cxlmem,fetch-add,cross-numa,0,benchmark.p50_ns,0.0,2000000
cxlmem,fetch-add,cross-numa,0,benchmark.p95_ns,0.0,2000000
cxlmem,fetch-add,cross-numa,0,benchmark.p99_ns,0.0,2000000
cxlmem,fetch-add,cross-numa,0,mem_load_l3_hit_retired.xsnp_fwd,312672.0,2000000
cxlmem,fetch-add,cross-numa,0,cxl_pmu_mem0.0/m2s_req_memrd/,205.0,2000000
cxlmem,cas,same-numa,0,benchmark.average_ns,109.521,2000000
cxlmem,cas,same-numa,0,benchmark.p50_ns,0.0,2000000
cxlmem,cas,same-numa,0,benchmark.p95_ns,0.0,2000000
cxlmem,cas,same-numa,0,benchmark.p99_ns,0.0,2000000
cxlmem,cas,same-numa,0,mem_load_l3_hit_retired.xsnp_fwd,306939.0,2000000
cxlmem,cas,same-numa,0,cxl_pmu_mem0.0/m2s_req_memrd/,293.0,2000000
cxlmem,cas,cross-numa,0,benchmark.average_ns,65.768,2000000
cxlmem,cas,cross-numa,0,benchmark.p50_ns,0.0,2000000
cxlmem,cas,cross-numa,0,benchmark.p95_ns,0.0,2000000
cxlmem,cas,cross-numa,0,benchmark.p99_ns,0.0,2000000
cxlmem,cas,cross-numa,0,mem_load_l3_hit_retired.xsnp_fwd,146817.0,2000000
cxlmem,cas,cross-numa,0,cxl_pmu_mem0.0/m2s_req_memrd/,124.0,2000000
dram,warm-load,same-numa,1,benchmark.average_ns,46.81,1000000
dram,warm-load,same-numa,1,benchmark.p50_ns,44.002,1000000
dram,warm-load,same-numa,1,benchmark.p95_ns,94.004,1000000
dram,warm-load,same-numa,1,benchmark.p99_ns,111.005,1000000
dram,warm-load,same-numa,1,mem_load_retired.local_cxl_mem,0.0,1000000
dram,warm-load,same-numa,1,cxl_pmu_mem0.0/m2s_req_memrd/,79.0,1000000
dram,cold-load,same-numa,1,benchmark.average_ns,232.275,1000000
dram,cold-load,same-numa,1,benchmark.p50_ns,231.015,1000000
dram,cold-load,same-numa,1,benchmark.p95_ns,327.021,1000000
dram,cold-load,same-numa,1,benchmark.p99_ns,412.027,1000000
dram,cold-load,same-numa,1,mem_load_retired.local_cxl_mem,0.0,1000000
dram,cold-load,same-numa,1,cxl_pmu_mem0.0/m2s_req_memrd/,103.0,1000000
dram,message-passing,same-numa,1,benchmark.average_ns,487.367,1000000
dram,message-passing,same-numa,1,benchmark.p50_ns,0.0,1000000
dram,message-passing,same-numa,1,benchmark.p95_ns,0.0,1000000
dram,message-passing,same-numa,1,benchmark.p99_ns,0.0,1000000
dram,message-passing,same-numa,1,mem_load_l3_hit_retired.xsnp_fwd,2932278.0,1000000
dram,message-passing,same-numa,1,cxl_pmu_mem0.0/m2s_req_memrd/,83.0,1000000
dram,message-passing,cross-numa,1,benchmark.average_ns,927.943,1000000
dram,message-passing,cross-numa,1,benchmark.p50_ns,0.0,1000000
dram,message-passing,cross-numa,1,benchmark.p95_ns,0.0,1000000
dram,message-passing,cross-numa,1,benchmark.p99_ns,0.0,1000000
dram,message-passing,cross-numa,1,mem_load_l3_hit_retired.xsnp_fwd,1011177.0,1000000
dram,message-passing,cross-numa,1,cxl_pmu_mem0.0/m2s_req_memrd/,157.0,1000000
dram,handoff,same-numa,1,benchmark.average_ns,567.479,2000000
dram,handoff,same-numa,1,benchmark.p50_ns,0.0,2000000
dram,handoff,same-numa,1,benchmark.p95_ns,0.0,2000000
dram,handoff,same-numa,1,benchmark.p99_ns,0.0,2000000
dram,handoff,same-numa,1,mem_load_l3_hit_retired.xsnp_fwd,3994418.0,2000000
dram,handoff,same-numa,1,cxl_pmu_mem0.0/m2s_req_memrd/,271.0,2000000
dram,handoff,cross-numa,1,benchmark.average_ns,621.62,2000000
dram,handoff,cross-numa,1,benchmark.p50_ns,0.0,2000000
dram,handoff,cross-numa,1,benchmark.p95_ns,0.0,2000000
dram,handoff,cross-numa,1,benchmark.p99_ns,0.0,2000000
dram,handoff,cross-numa,1,mem_load_l3_hit_retired.xsnp_fwd,2004778.0,2000000
dram,handoff,cross-numa,1,cxl_pmu_mem0.0/m2s_req_memrd/,285.0,2000000
dram,fetch-add,same-numa,1,benchmark.average_ns,26.69,2000000
dram,fetch-add,same-numa,1,benchmark.p50_ns,0.0,2000000
dram,fetch-add,same-numa,1,benchmark.p95_ns,0.0,2000000
dram,fetch-add,same-numa,1,benchmark.p99_ns,0.0,2000000
dram,fetch-add,same-numa,1,mem_load_l3_hit_retired.xsnp_fwd,241041.0,2000000
dram,fetch-add,same-numa,1,cxl_pmu_mem0.0/m2s_req_memrd/,72.0,2000000
dram,fetch-add,cross-numa,1,benchmark.average_ns,31.94,2000000
dram,fetch-add,cross-numa,1,benchmark.p50_ns,0.0,2000000
dram,fetch-add,cross-numa,1,benchmark.p95_ns,0.0,2000000
dram,fetch-add,cross-numa,1,benchmark.p99_ns,0.0,2000000
dram,fetch-add,cross-numa,1,mem_load_l3_hit_retired.xsnp_fwd,109500.0,2000000
dram,fetch-add,cross-numa,1,cxl_pmu_mem0.0/m2s_req_memrd/,49.0,2000000
dram,cas,same-numa,1,benchmark.average_ns,78.74,2000000
dram,cas,same-numa,1,benchmark.p50_ns,0.0,2000000
dram,cas,same-numa,1,benchmark.p95_ns,0.0,2000000
dram,cas,same-numa,1,benchmark.p99_ns,0.0,2000000
dram,cas,same-numa,1,mem_load_l3_hit_retired.xsnp_fwd,578769.0,2000000
dram,cas,same-numa,1,cxl_pmu_mem0.0/m2s_req_memrd/,47.0,2000000
dram,cas,cross-numa,1,benchmark.average_ns,81.063,2000000
dram,cas,cross-numa,1,benchmark.p50_ns,0.0,2000000
dram,cas,cross-numa,1,benchmark.p95_ns,0.0,2000000
dram,cas,cross-numa,1,benchmark.p99_ns,0.0,2000000
dram,cas,cross-numa,1,mem_load_l3_hit_retired.xsnp_fwd,140037.0,2000000
dram,cas,cross-numa,1,cxl_pmu_mem0.0/m2s_req_memrd/,100.0,2000000
cxlmem,warm-load,same-numa,1,benchmark.average_ns,52.672,1000000
cxlmem,warm-load,same-numa,1,benchmark.p50_ns,47.003,1000000
cxlmem,warm-load,same-numa,1,benchmark.p95_ns,93.006,1000000
cxlmem,warm-load,same-numa,1,benchmark.p99_ns,330.023,1000000
cxlmem,warm-load,same-numa,1,mem_load_retired.local_cxl_mem,18526.0,1000000
cxlmem,warm-load,same-numa,1,cxl_pmu_mem0.0/m2s_req_memrd/,51373.0,1000000
cxlmem,cold-load,same-numa,1,benchmark.average_ns,361.845,1000000
cxlmem,cold-load,same-numa,1,benchmark.p50_ns,348.014,1000000
cxlmem,cold-load,same-numa,1,benchmark.p95_ns,476.019,1000000
cxlmem,cold-load,same-numa,1,benchmark.p99_ns,566.023,1000000
cxlmem,cold-load,same-numa,1,mem_load_retired.local_cxl_mem,999961.0,1000000
cxlmem,cold-load,same-numa,1,cxl_pmu_mem0.0/m2s_req_memrd/,1035086.0,1000000
cxlmem,message-passing,same-numa,1,benchmark.average_ns,721.939,1000000
cxlmem,message-passing,same-numa,1,benchmark.p50_ns,0.0,1000000
cxlmem,message-passing,same-numa,1,benchmark.p95_ns,0.0,1000000
cxlmem,message-passing,same-numa,1,benchmark.p99_ns,0.0,1000000
cxlmem,message-passing,same-numa,1,mem_load_l3_hit_retired.xsnp_fwd,3106946.0,1000000
cxlmem,message-passing,same-numa,1,cxl_pmu_mem0.0/m2s_req_memrd/,333.0,1000000
cxlmem,message-passing,cross-numa,1,benchmark.average_ns,816.315,1000000
cxlmem,message-passing,cross-numa,1,benchmark.p50_ns,0.0,1000000
cxlmem,message-passing,cross-numa,1,benchmark.p95_ns,0.0,1000000
cxlmem,message-passing,cross-numa,1,benchmark.p99_ns,0.0,1000000
cxlmem,message-passing,cross-numa,1,mem_load_l3_hit_retired.xsnp_fwd,1007824.0,1000000
cxlmem,message-passing,cross-numa,1,cxl_pmu_mem0.0/m2s_req_memrd/,376.0,1000000
cxlmem,handoff,same-numa,1,benchmark.average_ns,423.899,2000000
cxlmem,handoff,same-numa,1,benchmark.p50_ns,0.0,2000000
cxlmem,handoff,same-numa,1,benchmark.p95_ns,0.0,2000000
cxlmem,handoff,same-numa,1,benchmark.p99_ns,0.0,2000000
cxlmem,handoff,same-numa,1,mem_load_l3_hit_retired.xsnp_fwd,3980555.0,2000000
cxlmem,handoff,same-numa,1,cxl_pmu_mem0.0/m2s_req_memrd/,432.0,2000000
cxlmem,handoff,cross-numa,1,benchmark.average_ns,599.886,2000000
cxlmem,handoff,cross-numa,1,benchmark.p50_ns,0.0,2000000
cxlmem,handoff,cross-numa,1,benchmark.p95_ns,0.0,2000000
cxlmem,handoff,cross-numa,1,benchmark.p99_ns,0.0,2000000
cxlmem,handoff,cross-numa,1,mem_load_l3_hit_retired.xsnp_fwd,2000219.0,2000000
cxlmem,handoff,cross-numa,1,cxl_pmu_mem0.0/m2s_req_memrd/,1593.0,2000000
cxlmem,fetch-add,same-numa,1,benchmark.average_ns,31.805,2000000
cxlmem,fetch-add,same-numa,1,benchmark.p50_ns,0.0,2000000
cxlmem,fetch-add,same-numa,1,benchmark.p95_ns,0.0,2000000
cxlmem,fetch-add,same-numa,1,benchmark.p99_ns,0.0,2000000
cxlmem,fetch-add,same-numa,1,mem_load_l3_hit_retired.xsnp_fwd,4354.0,2000000
cxlmem,fetch-add,same-numa,1,cxl_pmu_mem0.0/m2s_req_memrd/,50.0,2000000
cxlmem,fetch-add,cross-numa,1,benchmark.average_ns,30.192,2000000
cxlmem,fetch-add,cross-numa,1,benchmark.p50_ns,0.0,2000000
cxlmem,fetch-add,cross-numa,1,benchmark.p95_ns,0.0,2000000
cxlmem,fetch-add,cross-numa,1,benchmark.p99_ns,0.0,2000000
cxlmem,fetch-add,cross-numa,1,mem_load_l3_hit_retired.xsnp_fwd,118711.0,2000000
cxlmem,fetch-add,cross-numa,1,cxl_pmu_mem0.0/m2s_req_memrd/,71.0,2000000
cxlmem,cas,same-numa,1,benchmark.average_ns,138.677,2000000
cxlmem,cas,same-numa,1,benchmark.p50_ns,0.0,2000000
cxlmem,cas,same-numa,1,benchmark.p95_ns,0.0,2000000
cxlmem,cas,same-numa,1,benchmark.p99_ns,0.0,2000000
cxlmem,cas,same-numa,1,mem_load_l3_hit_retired.xsnp_fwd,156157.0,2000000
cxlmem,cas,same-numa,1,cxl_pmu_mem0.0/m2s_req_memrd/,72.0,2000000
cxlmem,cas,cross-numa,1,benchmark.average_ns,101.249,2000000
cxlmem,cas,cross-numa,1,benchmark.p50_ns,0.0,2000000
cxlmem,cas,cross-numa,1,benchmark.p95_ns,0.0,2000000
cxlmem,cas,cross-numa,1,benchmark.p99_ns,0.0,2000000
cxlmem,cas,cross-numa,1,mem_load_l3_hit_retired.xsnp_fwd,330212.0,2000000
cxlmem,cas,cross-numa,1,cxl_pmu_mem0.0/m2s_req_memrd/,80.0,2000000
dram,warm-load,same-numa,2,benchmark.average_ns,58.306,1000000
dram,warm-load,same-numa,2,benchmark.p50_ns,49.003,1000000
dram,warm-load,same-numa,2,benchmark.p95_ns,121.008,1000000
dram,warm-load,same-numa,2,benchmark.p99_ns,131.009,1000000
dram,warm-load,same-numa,2,mem_load_retired.local_cxl_mem,0.0,1000000
dram,warm-load,same-numa,2,cxl_pmu_mem0.0/m2s_req_memrd/,16.0,1000000
dram,cold-load,same-numa,2,benchmark.average_ns,207.262,1000000
dram,cold-load,same-numa,2,benchmark.p50_ns,192.012,1000000
dram,cold-load,same-numa,2,benchmark.p95_ns,307.019,1000000
dram,cold-load,same-numa,2,benchmark.p99_ns,394.025,1000000
dram,cold-load,same-numa,2,mem_load_retired.local_cxl_mem,0.0,1000000
dram,cold-load,same-numa,2,cxl_pmu_mem0.0/m2s_req_memrd/,41.0,1000000
dram,message-passing,same-numa,2,benchmark.average_ns,572.979,1000000
dram,message-passing,same-numa,2,benchmark.p50_ns,0.0,1000000
dram,message-passing,same-numa,2,benchmark.p95_ns,0.0,1000000
dram,message-passing,same-numa,2,benchmark.p99_ns,0.0,1000000
dram,message-passing,same-numa,2,mem_load_l3_hit_retired.xsnp_fwd,3070218.0,1000000
dram,message-passing,same-numa,2,cxl_pmu_mem0.0/m2s_req_memrd/,32.0,1000000
dram,message-passing,cross-numa,2,benchmark.average_ns,643.71,1000000
dram,message-passing,cross-numa,2,benchmark.p50_ns,0.0,1000000
dram,message-passing,cross-numa,2,benchmark.p95_ns,0.0,1000000
dram,message-passing,cross-numa,2,benchmark.p99_ns,0.0,1000000
dram,message-passing,cross-numa,2,mem_load_l3_hit_retired.xsnp_fwd,1014995.0,1000000
dram,message-passing,cross-numa,2,cxl_pmu_mem0.0/m2s_req_memrd/,169.0,1000000
dram,handoff,same-numa,2,benchmark.average_ns,259.702,2000000
dram,handoff,same-numa,2,benchmark.p50_ns,0.0,2000000
dram,handoff,same-numa,2,benchmark.p95_ns,0.0,2000000
dram,handoff,same-numa,2,benchmark.p99_ns,0.0,2000000
dram,handoff,same-numa,2,mem_load_l3_hit_retired.xsnp_fwd,3982329.0,2000000
dram,handoff,same-numa,2,cxl_pmu_mem0.0/m2s_req_memrd/,141.0,2000000
dram,handoff,cross-numa,2,benchmark.average_ns,320.048,2000000
dram,handoff,cross-numa,2,benchmark.p50_ns,0.0,2000000
dram,handoff,cross-numa,2,benchmark.p95_ns,0.0,2000000
dram,handoff,cross-numa,2,benchmark.p99_ns,0.0,2000000
dram,handoff,cross-numa,2,mem_load_l3_hit_retired.xsnp_fwd,2000474.0,2000000
dram,handoff,cross-numa,2,cxl_pmu_mem0.0/m2s_req_memrd/,165.0,2000000
dram,fetch-add,same-numa,2,benchmark.average_ns,24.889,2000000
dram,fetch-add,same-numa,2,benchmark.p50_ns,0.0,2000000
dram,fetch-add,same-numa,2,benchmark.p95_ns,0.0,2000000
dram,fetch-add,same-numa,2,benchmark.p99_ns,0.0,2000000
dram,fetch-add,same-numa,2,mem_load_l3_hit_retired.xsnp_fwd,483190.0,2000000
dram,fetch-add,same-numa,2,cxl_pmu_mem0.0/m2s_req_memrd/,59.0,2000000
dram,fetch-add,cross-numa,2,benchmark.average_ns,25.691,2000000
dram,fetch-add,cross-numa,2,benchmark.p50_ns,0.0,2000000
dram,fetch-add,cross-numa,2,benchmark.p95_ns,0.0,2000000
dram,fetch-add,cross-numa,2,benchmark.p99_ns,0.0,2000000
dram,fetch-add,cross-numa,2,mem_load_l3_hit_retired.xsnp_fwd,193022.0,2000000
dram,fetch-add,cross-numa,2,cxl_pmu_mem0.0/m2s_req_memrd/,56.0,2000000
dram,cas,same-numa,2,benchmark.average_ns,90.384,2000000
dram,cas,same-numa,2,benchmark.p50_ns,0.0,2000000
dram,cas,same-numa,2,benchmark.p95_ns,0.0,2000000
dram,cas,same-numa,2,benchmark.p99_ns,0.0,2000000
dram,cas,same-numa,2,mem_load_l3_hit_retired.xsnp_fwd,817481.0,2000000
dram,cas,same-numa,2,cxl_pmu_mem0.0/m2s_req_memrd/,73.0,2000000
dram,cas,cross-numa,2,benchmark.average_ns,93.833,2000000
dram,cas,cross-numa,2,benchmark.p50_ns,0.0,2000000
dram,cas,cross-numa,2,benchmark.p95_ns,0.0,2000000
dram,cas,cross-numa,2,benchmark.p99_ns,0.0,2000000
dram,cas,cross-numa,2,mem_load_l3_hit_retired.xsnp_fwd,254943.0,2000000
dram,cas,cross-numa,2,cxl_pmu_mem0.0/m2s_req_memrd/,95.0,2000000
cxlmem,warm-load,same-numa,2,benchmark.average_ns,52.411,1000000
cxlmem,warm-load,same-numa,2,benchmark.p50_ns,48.002,1000000
cxlmem,warm-load,same-numa,2,benchmark.p95_ns,90.004,1000000
cxlmem,warm-load,same-numa,2,benchmark.p99_ns,291.013,1000000
cxlmem,warm-load,same-numa,2,mem_load_retired.local_cxl_mem,16265.0,1000000
cxlmem,warm-load,same-numa,2,cxl_pmu_mem0.0/m2s_req_memrd/,51622.0,1000000
cxlmem,cold-load,same-numa,2,benchmark.average_ns,294.747,1000000
cxlmem,cold-load,same-numa,2,benchmark.p50_ns,285.009,1000000
cxlmem,cold-load,same-numa,2,benchmark.p95_ns,408.013,1000000
cxlmem,cold-load,same-numa,2,benchmark.p99_ns,491.016,1000000
cxlmem,cold-load,same-numa,2,mem_load_retired.local_cxl_mem,999992.0,1000000
cxlmem,cold-load,same-numa,2,cxl_pmu_mem0.0/m2s_req_memrd/,1026381.0,1000000
cxlmem,message-passing,same-numa,2,benchmark.average_ns,480.735,1000000
cxlmem,message-passing,same-numa,2,benchmark.p50_ns,0.0,1000000
cxlmem,message-passing,same-numa,2,benchmark.p95_ns,0.0,1000000
cxlmem,message-passing,same-numa,2,benchmark.p99_ns,0.0,1000000
cxlmem,message-passing,same-numa,2,mem_load_l3_hit_retired.xsnp_fwd,3101963.0,1000000
cxlmem,message-passing,same-numa,2,cxl_pmu_mem0.0/m2s_req_memrd/,255.0,1000000
cxlmem,message-passing,cross-numa,2,benchmark.average_ns,785.386,1000000
cxlmem,message-passing,cross-numa,2,benchmark.p50_ns,0.0,1000000
cxlmem,message-passing,cross-numa,2,benchmark.p95_ns,0.0,1000000
cxlmem,message-passing,cross-numa,2,benchmark.p99_ns,0.0,1000000
cxlmem,message-passing,cross-numa,2,mem_load_l3_hit_retired.xsnp_fwd,1010139.0,1000000
cxlmem,message-passing,cross-numa,2,cxl_pmu_mem0.0/m2s_req_memrd/,235.0,1000000
cxlmem,handoff,same-numa,2,benchmark.average_ns,478.748,2000000
cxlmem,handoff,same-numa,2,benchmark.p50_ns,0.0,2000000
cxlmem,handoff,same-numa,2,benchmark.p95_ns,0.0,2000000
cxlmem,handoff,same-numa,2,benchmark.p99_ns,0.0,2000000
cxlmem,handoff,same-numa,2,mem_load_l3_hit_retired.xsnp_fwd,3995058.0,2000000
cxlmem,handoff,same-numa,2,cxl_pmu_mem0.0/m2s_req_memrd/,360.0,2000000
cxlmem,handoff,cross-numa,2,benchmark.average_ns,507.084,2000000
cxlmem,handoff,cross-numa,2,benchmark.p50_ns,0.0,2000000
cxlmem,handoff,cross-numa,2,benchmark.p95_ns,0.0,2000000
cxlmem,handoff,cross-numa,2,benchmark.p99_ns,0.0,2000000
cxlmem,handoff,cross-numa,2,mem_load_l3_hit_retired.xsnp_fwd,2002113.0,2000000
cxlmem,handoff,cross-numa,2,cxl_pmu_mem0.0/m2s_req_memrd/,338.0,2000000
cxlmem,fetch-add,same-numa,2,benchmark.average_ns,32.395,2000000
cxlmem,fetch-add,same-numa,2,benchmark.p50_ns,0.0,2000000
cxlmem,fetch-add,same-numa,2,benchmark.p95_ns,0.0,2000000
cxlmem,fetch-add,same-numa,2,benchmark.p99_ns,0.0,2000000
cxlmem,fetch-add,same-numa,2,mem_load_l3_hit_retired.xsnp_fwd,9620.0,2000000
cxlmem,fetch-add,same-numa,2,cxl_pmu_mem0.0/m2s_req_memrd/,266.0,2000000
cxlmem,fetch-add,cross-numa,2,benchmark.average_ns,28.059,2000000
cxlmem,fetch-add,cross-numa,2,benchmark.p50_ns,0.0,2000000
cxlmem,fetch-add,cross-numa,2,benchmark.p95_ns,0.0,2000000
cxlmem,fetch-add,cross-numa,2,benchmark.p99_ns,0.0,2000000
cxlmem,fetch-add,cross-numa,2,mem_load_l3_hit_retired.xsnp_fwd,165591.0,2000000
cxlmem,fetch-add,cross-numa,2,cxl_pmu_mem0.0/m2s_req_memrd/,168.0,2000000
cxlmem,cas,same-numa,2,benchmark.average_ns,108.536,2000000
cxlmem,cas,same-numa,2,benchmark.p50_ns,0.0,2000000
cxlmem,cas,same-numa,2,benchmark.p95_ns,0.0,2000000
cxlmem,cas,same-numa,2,benchmark.p99_ns,0.0,2000000
cxlmem,cas,same-numa,2,mem_load_l3_hit_retired.xsnp_fwd,149328.0,2000000
cxlmem,cas,same-numa,2,cxl_pmu_mem0.0/m2s_req_memrd/,108.0,2000000
cxlmem,cas,cross-numa,2,benchmark.average_ns,62.145,2000000
cxlmem,cas,cross-numa,2,benchmark.p50_ns,0.0,2000000
cxlmem,cas,cross-numa,2,benchmark.p95_ns,0.0,2000000
cxlmem,cas,cross-numa,2,benchmark.p99_ns,0.0,2000000
cxlmem,cas,cross-numa,2,mem_load_l3_hit_retired.xsnp_fwd,157993.0,2000000
cxlmem,cas,cross-numa,2,cxl_pmu_mem0.0/m2s_req_memrd/,123.0,2000000
dram,warm-load,same-numa,3,benchmark.average_ns,39.112,1000000
dram,warm-load,same-numa,3,benchmark.p50_ns,24.001,1000000
dram,warm-load,same-numa,3,benchmark.p95_ns,62.003,1000000
dram,warm-load,same-numa,3,benchmark.p99_ns,66.003,1000000
dram,warm-load,same-numa,3,mem_load_retired.local_cxl_mem,0.0,1000000
dram,warm-load,same-numa,3,cxl_pmu_mem0.0/m2s_req_memrd/,16.0,1000000
dram,cold-load,same-numa,3,benchmark.average_ns,195.094,1000000
dram,cold-load,same-numa,3,benchmark.p50_ns,181.01,1000000
dram,cold-load,same-numa,3,benchmark.p95_ns,291.015,1000000
dram,cold-load,same-numa,3,benchmark.p99_ns,374.02,1000000
dram,cold-load,same-numa,3,mem_load_retired.local_cxl_mem,0.0,1000000
dram,cold-load,same-numa,3,cxl_pmu_mem0.0/m2s_req_memrd/,40.0,1000000
dram,message-passing,same-numa,3,benchmark.average_ns,366.673,1000000
dram,message-passing,same-numa,3,benchmark.p50_ns,0.0,1000000
dram,message-passing,same-numa,3,benchmark.p95_ns,0.0,1000000
dram,message-passing,same-numa,3,benchmark.p99_ns,0.0,1000000
dram,message-passing,same-numa,3,mem_load_l3_hit_retired.xsnp_fwd,2933754.0,1000000
dram,message-passing,same-numa,3,cxl_pmu_mem0.0/m2s_req_memrd/,134.0,1000000
dram,message-passing,cross-numa,3,benchmark.average_ns,498.832,1000000
dram,message-passing,cross-numa,3,benchmark.p50_ns,0.0,1000000
dram,message-passing,cross-numa,3,benchmark.p95_ns,0.0,1000000
dram,message-passing,cross-numa,3,benchmark.p99_ns,0.0,1000000
dram,message-passing,cross-numa,3,mem_load_l3_hit_retired.xsnp_fwd,1005424.0,1000000
dram,message-passing,cross-numa,3,cxl_pmu_mem0.0/m2s_req_memrd/,205.0,1000000
dram,handoff,same-numa,3,benchmark.average_ns,318.419,2000000
dram,handoff,same-numa,3,benchmark.p50_ns,0.0,2000000
dram,handoff,same-numa,3,benchmark.p95_ns,0.0,2000000
dram,handoff,same-numa,3,benchmark.p99_ns,0.0,2000000
dram,handoff,same-numa,3,mem_load_l3_hit_retired.xsnp_fwd,3984272.0,2000000
dram,handoff,same-numa,3,cxl_pmu_mem0.0/m2s_req_memrd/,288.0,2000000
dram,handoff,cross-numa,3,benchmark.average_ns,573.305,2000000
dram,handoff,cross-numa,3,benchmark.p50_ns,0.0,2000000
dram,handoff,cross-numa,3,benchmark.p95_ns,0.0,2000000
dram,handoff,cross-numa,3,benchmark.p99_ns,0.0,2000000
dram,handoff,cross-numa,3,mem_load_l3_hit_retired.xsnp_fwd,1998000.0,2000000
dram,handoff,cross-numa,3,cxl_pmu_mem0.0/m2s_req_memrd/,198.0,2000000
dram,fetch-add,same-numa,3,benchmark.average_ns,25.424,2000000
dram,fetch-add,same-numa,3,benchmark.p50_ns,0.0,2000000
dram,fetch-add,same-numa,3,benchmark.p95_ns,0.0,2000000
dram,fetch-add,same-numa,3,benchmark.p99_ns,0.0,2000000
dram,fetch-add,same-numa,3,mem_load_l3_hit_retired.xsnp_fwd,247266.0,2000000
dram,fetch-add,same-numa,3,cxl_pmu_mem0.0/m2s_req_memrd/,30.0,2000000
dram,fetch-add,cross-numa,3,benchmark.average_ns,20.207,2000000
dram,fetch-add,cross-numa,3,benchmark.p50_ns,0.0,2000000
dram,fetch-add,cross-numa,3,benchmark.p95_ns,0.0,2000000
dram,fetch-add,cross-numa,3,benchmark.p99_ns,0.0,2000000
dram,fetch-add,cross-numa,3,mem_load_l3_hit_retired.xsnp_fwd,131034.0,2000000
dram,fetch-add,cross-numa,3,cxl_pmu_mem0.0/m2s_req_memrd/,63.0,2000000
dram,cas,same-numa,3,benchmark.average_ns,88.004,2000000
dram,cas,same-numa,3,benchmark.p50_ns,0.0,2000000
dram,cas,same-numa,3,benchmark.p95_ns,0.0,2000000
dram,cas,same-numa,3,benchmark.p99_ns,0.0,2000000
dram,cas,same-numa,3,mem_load_l3_hit_retired.xsnp_fwd,1065492.0,2000000
dram,cas,same-numa,3,cxl_pmu_mem0.0/m2s_req_memrd/,63.0,2000000
dram,cas,cross-numa,3,benchmark.average_ns,83.257,2000000
dram,cas,cross-numa,3,benchmark.p50_ns,0.0,2000000
dram,cas,cross-numa,3,benchmark.p95_ns,0.0,2000000
dram,cas,cross-numa,3,benchmark.p99_ns,0.0,2000000
dram,cas,cross-numa,3,mem_load_l3_hit_retired.xsnp_fwd,145617.0,2000000
dram,cas,cross-numa,3,cxl_pmu_mem0.0/m2s_req_memrd/,125.0,2000000
cxlmem,warm-load,same-numa,3,benchmark.average_ns,89.265,1000000
cxlmem,warm-load,same-numa,3,benchmark.p50_ns,82.006,1000000
cxlmem,warm-load,same-numa,3,benchmark.p95_ns,184.013,1000000
cxlmem,warm-load,same-numa,3,benchmark.p99_ns,394.027,1000000
cxlmem,warm-load,same-numa,3,mem_load_retired.local_cxl_mem,30463.0,1000000
cxlmem,warm-load,same-numa,3,cxl_pmu_mem0.0/m2s_req_memrd/,63276.0,1000000
cxlmem,cold-load,same-numa,3,benchmark.average_ns,348.332,1000000
cxlmem,cold-load,same-numa,3,benchmark.p50_ns,329.02,1000000
cxlmem,cold-load,same-numa,3,benchmark.p95_ns,462.028,1000000
cxlmem,cold-load,same-numa,3,benchmark.p99_ns,552.034,1000000
cxlmem,cold-load,same-numa,3,mem_load_retired.local_cxl_mem,999986.0,1000000
cxlmem,cold-load,same-numa,3,cxl_pmu_mem0.0/m2s_req_memrd/,1042890.0,1000000
cxlmem,message-passing,same-numa,3,benchmark.average_ns,587.851,1000000
cxlmem,message-passing,same-numa,3,benchmark.p50_ns,0.0,1000000
cxlmem,message-passing,same-numa,3,benchmark.p95_ns,0.0,1000000
cxlmem,message-passing,same-numa,3,benchmark.p99_ns,0.0,1000000
cxlmem,message-passing,same-numa,3,mem_load_l3_hit_retired.xsnp_fwd,3049239.0,1000000
cxlmem,message-passing,same-numa,3,cxl_pmu_mem0.0/m2s_req_memrd/,487.0,1000000
cxlmem,message-passing,cross-numa,3,benchmark.average_ns,484.233,1000000
cxlmem,message-passing,cross-numa,3,benchmark.p50_ns,0.0,1000000
cxlmem,message-passing,cross-numa,3,benchmark.p95_ns,0.0,1000000
cxlmem,message-passing,cross-numa,3,benchmark.p99_ns,0.0,1000000
cxlmem,message-passing,cross-numa,3,mem_load_l3_hit_retired.xsnp_fwd,1005080.0,1000000
cxlmem,message-passing,cross-numa,3,cxl_pmu_mem0.0/m2s_req_memrd/,400.0,1000000
cxlmem,handoff,same-numa,3,benchmark.average_ns,164.463,2000000
cxlmem,handoff,same-numa,3,benchmark.p50_ns,0.0,2000000
cxlmem,handoff,same-numa,3,benchmark.p95_ns,0.0,2000000
cxlmem,handoff,same-numa,3,benchmark.p99_ns,0.0,2000000
cxlmem,handoff,same-numa,3,mem_load_l3_hit_retired.xsnp_fwd,3996984.0,2000000
cxlmem,handoff,same-numa,3,cxl_pmu_mem0.0/m2s_req_memrd/,416.0,2000000
cxlmem,handoff,cross-numa,3,benchmark.average_ns,269.123,2000000
cxlmem,handoff,cross-numa,3,benchmark.p50_ns,0.0,2000000
cxlmem,handoff,cross-numa,3,benchmark.p95_ns,0.0,2000000
cxlmem,handoff,cross-numa,3,benchmark.p99_ns,0.0,2000000
cxlmem,handoff,cross-numa,3,mem_load_l3_hit_retired.xsnp_fwd,1997728.0,2000000
cxlmem,handoff,cross-numa,3,cxl_pmu_mem0.0/m2s_req_memrd/,295.0,2000000
cxlmem,fetch-add,same-numa,3,benchmark.average_ns,33.056,2000000
cxlmem,fetch-add,same-numa,3,benchmark.p50_ns,0.0,2000000
cxlmem,fetch-add,same-numa,3,benchmark.p95_ns,0.0,2000000
cxlmem,fetch-add,same-numa,3,benchmark.p99_ns,0.0,2000000
cxlmem,fetch-add,same-numa,3,mem_load_l3_hit_retired.xsnp_fwd,3938.0,2000000
cxlmem,fetch-add,same-numa,3,cxl_pmu_mem0.0/m2s_req_memrd/,76.0,2000000
cxlmem,fetch-add,cross-numa,3,benchmark.average_ns,26.524,2000000
cxlmem,fetch-add,cross-numa,3,benchmark.p50_ns,0.0,2000000
cxlmem,fetch-add,cross-numa,3,benchmark.p95_ns,0.0,2000000
cxlmem,fetch-add,cross-numa,3,benchmark.p99_ns,0.0,2000000
cxlmem,fetch-add,cross-numa,3,mem_load_l3_hit_retired.xsnp_fwd,137153.0,2000000
cxlmem,fetch-add,cross-numa,3,cxl_pmu_mem0.0/m2s_req_memrd/,90.0,2000000
cxlmem,cas,same-numa,3,benchmark.average_ns,138.369,2000000
cxlmem,cas,same-numa,3,benchmark.p50_ns,0.0,2000000
cxlmem,cas,same-numa,3,benchmark.p95_ns,0.0,2000000
cxlmem,cas,same-numa,3,benchmark.p99_ns,0.0,2000000
cxlmem,cas,same-numa,3,mem_load_l3_hit_retired.xsnp_fwd,182165.0,2000000
cxlmem,cas,same-numa,3,cxl_pmu_mem0.0/m2s_req_memrd/,177.0,2000000
cxlmem,cas,cross-numa,3,benchmark.average_ns,97.262,2000000
cxlmem,cas,cross-numa,3,benchmark.p50_ns,0.0,2000000
cxlmem,cas,cross-numa,3,benchmark.p95_ns,0.0,2000000
cxlmem,cas,cross-numa,3,benchmark.p99_ns,0.0,2000000
cxlmem,cas,cross-numa,3,mem_load_l3_hit_retired.xsnp_fwd,271766.0,2000000
cxlmem,cas,cross-numa,3,cxl_pmu_mem0.0/m2s_req_memrd/,129.0,2000000
dram,warm-load,same-numa,4,benchmark.average_ns,52.952,1000000
dram,warm-load,same-numa,4,benchmark.p50_ns,60.002,1000000
dram,warm-load,same-numa,4,benchmark.p95_ns,90.003,1000000
dram,warm-load,same-numa,4,benchmark.p99_ns,194.006,1000000
dram,warm-load,same-numa,4,mem_load_retired.local_cxl_mem,0.0,1000000
dram,warm-load,same-numa,4,cxl_pmu_mem0.0/m2s_req_memrd/,33.0,1000000
dram,cold-load,same-numa,4,benchmark.average_ns,207.492,1000000
dram,cold-load,same-numa,4,benchmark.p50_ns,182.004,1000000
dram,cold-load,same-numa,4,benchmark.p95_ns,330.007,1000000
dram,cold-load,same-numa,4,benchmark.p99_ns,428.008,1000000
dram,cold-load,same-numa,4,mem_load_retired.local_cxl_mem,0.0,1000000
dram,cold-load,same-numa,4,cxl_pmu_mem0.0/m2s_req_memrd/,125.0,1000000
dram,message-passing,same-numa,4,benchmark.average_ns,467.437,1000000
dram,message-passing,same-numa,4,benchmark.p50_ns,0.0,1000000
dram,message-passing,same-numa,4,benchmark.p95_ns,0.0,1000000
dram,message-passing,same-numa,4,benchmark.p99_ns,0.0,1000000
dram,message-passing,same-numa,4,mem_load_l3_hit_retired.xsnp_fwd,2969503.0,1000000
dram,message-passing,same-numa,4,cxl_pmu_mem0.0/m2s_req_memrd/,55.0,1000000
dram,message-passing,cross-numa,4,benchmark.average_ns,869.517,1000000
dram,message-passing,cross-numa,4,benchmark.p50_ns,0.0,1000000
dram,message-passing,cross-numa,4,benchmark.p95_ns,0.0,1000000
dram,message-passing,cross-numa,4,benchmark.p99_ns,0.0,1000000
dram,message-passing,cross-numa,4,mem_load_l3_hit_retired.xsnp_fwd,1008372.0,1000000
dram,message-passing,cross-numa,4,cxl_pmu_mem0.0/m2s_req_memrd/,116.0,1000000
dram,handoff,same-numa,4,benchmark.average_ns,263.619,2000000
dram,handoff,same-numa,4,benchmark.p50_ns,0.0,2000000
dram,handoff,same-numa,4,benchmark.p95_ns,0.0,2000000
dram,handoff,same-numa,4,benchmark.p99_ns,0.0,2000000
dram,handoff,same-numa,4,mem_load_l3_hit_retired.xsnp_fwd,4019825.0,2000000
dram,handoff,same-numa,4,cxl_pmu_mem0.0/m2s_req_memrd/,11.0,2000000
dram,handoff,cross-numa,4,benchmark.average_ns,239.649,2000000
dram,handoff,cross-numa,4,benchmark.p50_ns,0.0,2000000
dram,handoff,cross-numa,4,benchmark.p95_ns,0.0,2000000
dram,handoff,cross-numa,4,benchmark.p99_ns,0.0,2000000
dram,handoff,cross-numa,4,mem_load_l3_hit_retired.xsnp_fwd,1994973.0,2000000
dram,handoff,cross-numa,4,cxl_pmu_mem0.0/m2s_req_memrd/,73.0,2000000
dram,fetch-add,same-numa,4,benchmark.average_ns,26.848,2000000
dram,fetch-add,same-numa,4,benchmark.p50_ns,0.0,2000000
dram,fetch-add,same-numa,4,benchmark.p95_ns,0.0,2000000
dram,fetch-add,same-numa,4,benchmark.p99_ns,0.0,2000000
dram,fetch-add,same-numa,4,mem_load_l3_hit_retired.xsnp_fwd,389878.0,2000000
dram,fetch-add,same-numa,4,cxl_pmu_mem0.0/m2s_req_memrd/,25.0,2000000
dram,fetch-add,cross-numa,4,benchmark.average_ns,28.813,2000000
dram,fetch-add,cross-numa,4,benchmark.p50_ns,0.0,2000000
dram,fetch-add,cross-numa,4,benchmark.p95_ns,0.0,2000000
dram,fetch-add,cross-numa,4,benchmark.p99_ns,0.0,2000000
dram,fetch-add,cross-numa,4,mem_load_l3_hit_retired.xsnp_fwd,98311.0,2000000
dram,fetch-add,cross-numa,4,cxl_pmu_mem0.0/m2s_req_memrd/,52.0,2000000
dram,cas,same-numa,4,benchmark.average_ns,77.448,2000000
dram,cas,same-numa,4,benchmark.p50_ns,0.0,2000000
dram,cas,same-numa,4,benchmark.p95_ns,0.0,2000000
dram,cas,same-numa,4,benchmark.p99_ns,0.0,2000000
dram,cas,same-numa,4,mem_load_l3_hit_retired.xsnp_fwd,692695.0,2000000
dram,cas,same-numa,4,cxl_pmu_mem0.0/m2s_req_memrd/,49.0,2000000
dram,cas,cross-numa,4,benchmark.average_ns,85.008,2000000
dram,cas,cross-numa,4,benchmark.p50_ns,0.0,2000000
dram,cas,cross-numa,4,benchmark.p95_ns,0.0,2000000
dram,cas,cross-numa,4,benchmark.p99_ns,0.0,2000000
dram,cas,cross-numa,4,mem_load_l3_hit_retired.xsnp_fwd,107868.0,2000000
dram,cas,cross-numa,4,cxl_pmu_mem0.0/m2s_req_memrd/,64.0,2000000
cxlmem,warm-load,same-numa,4,benchmark.average_ns,83.908,1000000
cxlmem,warm-load,same-numa,4,benchmark.p50_ns,73.003,1000000
cxlmem,warm-load,same-numa,4,benchmark.p95_ns,264.009,1000000
cxlmem,warm-load,same-numa,4,benchmark.p99_ns,330.012,1000000
cxlmem,warm-load,same-numa,4,mem_load_retired.local_cxl_mem,49507.0,1000000
cxlmem,warm-load,same-numa,4,cxl_pmu_mem0.0/m2s_req_memrd/,93183.0,1000000
cxlmem,cold-load,same-numa,4,benchmark.average_ns,324.646,1000000
cxlmem,cold-load,same-numa,4,benchmark.p50_ns,310.012,1000000
cxlmem,cold-load,same-numa,4,benchmark.p95_ns,437.017,1000000
cxlmem,cold-load,same-numa,4,benchmark.p99_ns,516.02,1000000
cxlmem,cold-load,same-numa,4,mem_load_retired.local_cxl_mem,998373.0,1000000
cxlmem,cold-load,same-numa,4,cxl_pmu_mem0.0/m2s_req_memrd/,1082777.0,1000000
cxlmem,message-passing,same-numa,4,benchmark.average_ns,359.444,1000000
cxlmem,message-passing,same-numa,4,benchmark.p50_ns,0.0,1000000
cxlmem,message-passing,same-numa,4,benchmark.p95_ns,0.0,1000000
cxlmem,message-passing,same-numa,4,benchmark.p99_ns,0.0,1000000
cxlmem,message-passing,same-numa,4,mem_load_l3_hit_retired.xsnp_fwd,3107449.0,1000000
cxlmem,message-passing,same-numa,4,cxl_pmu_mem0.0/m2s_req_memrd/,552.0,1000000
cxlmem,message-passing,cross-numa,4,benchmark.average_ns,422.76,1000000
cxlmem,message-passing,cross-numa,4,benchmark.p50_ns,0.0,1000000
cxlmem,message-passing,cross-numa,4,benchmark.p95_ns,0.0,1000000
cxlmem,message-passing,cross-numa,4,benchmark.p99_ns,0.0,1000000
cxlmem,message-passing,cross-numa,4,mem_load_l3_hit_retired.xsnp_fwd,1003328.0,1000000
cxlmem,message-passing,cross-numa,4,cxl_pmu_mem0.0/m2s_req_memrd/,1142.0,1000000
cxlmem,handoff,same-numa,4,benchmark.average_ns,193.661,2000000
cxlmem,handoff,same-numa,4,benchmark.p50_ns,0.0,2000000
cxlmem,handoff,same-numa,4,benchmark.p95_ns,0.0,2000000
cxlmem,handoff,same-numa,4,benchmark.p99_ns,0.0,2000000
cxlmem,handoff,same-numa,4,mem_load_l3_hit_retired.xsnp_fwd,3962965.0,2000000
cxlmem,handoff,same-numa,4,cxl_pmu_mem0.0/m2s_req_memrd/,1248.0,2000000
cxlmem,handoff,cross-numa,4,benchmark.average_ns,250.653,2000000
cxlmem,handoff,cross-numa,4,benchmark.p50_ns,0.0,2000000
cxlmem,handoff,cross-numa,4,benchmark.p95_ns,0.0,2000000
cxlmem,handoff,cross-numa,4,benchmark.p99_ns,0.0,2000000
cxlmem,handoff,cross-numa,4,mem_load_l3_hit_retired.xsnp_fwd,1978415.0,2000000
cxlmem,handoff,cross-numa,4,cxl_pmu_mem0.0/m2s_req_memrd/,711.0,2000000
cxlmem,fetch-add,same-numa,4,benchmark.average_ns,28.602,2000000
cxlmem,fetch-add,same-numa,4,benchmark.p50_ns,0.0,2000000
cxlmem,fetch-add,same-numa,4,benchmark.p95_ns,0.0,2000000
cxlmem,fetch-add,same-numa,4,benchmark.p99_ns,0.0,2000000
cxlmem,fetch-add,same-numa,4,mem_load_l3_hit_retired.xsnp_fwd,5078.0,2000000
cxlmem,fetch-add,same-numa,4,cxl_pmu_mem0.0/m2s_req_memrd/,394.0,2000000
cxlmem,fetch-add,cross-numa,4,benchmark.average_ns,30.565,2000000
cxlmem,fetch-add,cross-numa,4,benchmark.p50_ns,0.0,2000000
cxlmem,fetch-add,cross-numa,4,benchmark.p95_ns,0.0,2000000
cxlmem,fetch-add,cross-numa,4,benchmark.p99_ns,0.0,2000000
cxlmem,fetch-add,cross-numa,4,mem_load_l3_hit_retired.xsnp_fwd,198733.0,2000000
cxlmem,fetch-add,cross-numa,4,cxl_pmu_mem0.0/m2s_req_memrd/,143.0,2000000
cxlmem,cas,same-numa,4,benchmark.average_ns,92.655,2000000
cxlmem,cas,same-numa,4,benchmark.p50_ns,0.0,2000000
cxlmem,cas,same-numa,4,benchmark.p95_ns,0.0,2000000
cxlmem,cas,same-numa,4,benchmark.p99_ns,0.0,2000000
cxlmem,cas,same-numa,4,mem_load_l3_hit_retired.xsnp_fwd,1215.0,2000000
cxlmem,cas,same-numa,4,cxl_pmu_mem0.0/m2s_req_memrd/,450.0,2000000
cxlmem,cas,cross-numa,4,benchmark.average_ns,95.576,2000000
cxlmem,cas,cross-numa,4,benchmark.p50_ns,0.0,2000000
cxlmem,cas,cross-numa,4,benchmark.p95_ns,0.0,2000000
cxlmem,cas,cross-numa,4,benchmark.p99_ns,0.0,2000000
cxlmem,cas,cross-numa,4,mem_load_l3_hit_retired.xsnp_fwd,388673.0,2000000
cxlmem,cas,cross-numa,4,cxl_pmu_mem0.0/m2s_req_memrd/,317.0,2000000
