allocate,working_set,cache_bytes,lines,per_line_ns,misses,per_miss_ns,installs,implied_fill_gbps
True,65536,262144,1024,180.0,1024,232.0,1024,0.35555555555555557
True,262144,262144,4096,165.0,3072,232.0,3072,0.3878787878787879
True,1048576,262144,16384,165.0,12288,232.0,12288,0.3878787878787879
True,4194304,262144,65536,165.0,49152,232.0,49152,0.3878787878787879
True,16777216,262144,262144,165.0,196608,232.0,196608,0.3878787878787879
False,65536,262144,1024,232.0,2048,232.0,0,0.27586206896551724
False,262144,262144,4096,232.0,8192,232.0,0,0.27586206896551724
False,1048576,262144,16384,232.0,32768,232.0,0,0.27586206896551724
False,4194304,262144,65536,232.0,131072,232.0,0,0.27586206896551724
False,16777216,262144,262144,232.0,524288,232.0,0,0.27586206896551724
