count,batch,payload,modeled_total_ns,modeled_per_notify_ns,batches,modeled_stream_gbps,wall_ns,repeat
262144,1,64,95158272,363,262144,0.1763085399449036,8734625,0
262144,2,64,80478208,307,131072,0.20846905537459284,993579,0
262144,4,64,73138176,279,65536,0.22939068100358423,639381,0
262144,8,64,69468160,265,32768,0.24150943396226415,523906,0
262144,16,64,67633152,258,16384,0.24806201550387597,476924,0
262144,32,64,66715648,254,8192,0.25147347740667975,498077,0
262144,64,64,66256896,252,4096,0.2532146389713155,485708,0
262144,128,64,66027520,251,2048,0.2540942928039702,492568,0
262144,256,64,65912832,251,1024,0.2545364156102411,469443,0
262144,512,64,65855488,251,512,0.2547580544843886,473219,0
262144,1024,64,65826816,251,256,0.25486901872938833,462953,0
