node,mode,count,batch,per_notify_ns,stream_gbps
1,roundtrip,65536,1,652.3,0.098
1,roundtrip,65536,2,326.2,0.196
1,roundtrip,65536,4,163.0,0.393
1,roundtrip,65536,8,81.5,0.786
1,roundtrip,65536,16,45.2,1.416
1,roundtrip,65536,32,27.6,2.315
1,roundtrip,65536,64,16.2,3.961
1,roundtrip,65536,128,13.2,4.851
1,roundtrip,65536,256,11.0,5.807
1,roundtrip,65536,512,9.8,6.526
1,roundtrip,65536,1024,9.2,6.953
1,roundtrip,65536,1,650.3,0.098
1,roundtrip,65536,2,326.7,0.196
1,roundtrip,65536,4,163.0,0.393
1,roundtrip,65536,8,81.5,0.785
1,roundtrip,65536,16,44.5,1.437
1,roundtrip,65536,32,26.1,2.452
1,roundtrip,65536,64,17.2,3.714
1,roundtrip,65536,128,12.8,5.006
1,roundtrip,65536,256,10.8,5.918
1,roundtrip,65536,512,9.8,6.551
1,roundtrip,65536,1024,9.2,6.934
0,roundtrip,65536,1,325.5,0.197
0,roundtrip,65536,2,155.1,0.413
0,roundtrip,65536,4,77.2,0.829
0,roundtrip,65536,8,39.3,1.630
0,roundtrip,65536,16,24.5,2.611
0,roundtrip,65536,32,15.4,4.166
0,roundtrip,65536,64,11.9,5.389
0,roundtrip,65536,128,10.3,6.199
0,roundtrip,65536,256,9.4,6.804
0,roundtrip,65536,512,8.3,7.740
0,roundtrip,65536,1024,8.8,7.301
0,roundtrip,65536,1,320.5,0.200
0,roundtrip,65536,2,154.7,0.414
0,roundtrip,65536,4,76.2,0.840
0,roundtrip,65536,8,38.9,1.647
0,roundtrip,65536,16,24.4,2.618
0,roundtrip,65536,32,15.6,4.109
0,roundtrip,65536,64,12.0,5.352
0,roundtrip,65536,128,10.4,6.153
0,roundtrip,65536,256,9.5,6.728
0,roundtrip,65536,512,9.1,7.055
0,roundtrip,65536,1024,8.8,7.274
1,doorbell,65536,1,4.2,15.336
1,doorbell,65536,2,2.2,29.213
1,doorbell,65536,4,1.1,55.772
1,doorbell,65536,8,0.6,102.245
1,doorbell,65536,16,0.4,175.301
1,doorbell,65536,32,0.2,272.652
1,doorbell,65536,64,0.2,356.731
1,doorbell,65536,128,0.1,450.812
1,doorbell,65536,256,0.1,459.204
1,doorbell,65536,512,0.1,562.157
1,doorbell,65536,1024,0.1,565.174
1,doorbell,65536,1,4.2,15.336
1,doorbell,65536,2,2.2,29.213
1,doorbell,65536,4,1.1,55.765
1,doorbell,65536,8,0.6,102.245
1,doorbell,65536,16,0.4,175.301
1,doorbell,65536,32,0.2,272.652
1,doorbell,65536,64,0.2,356.731
1,doorbell,65536,128,0.1,451.286
1,doorbell,65536,256,0.1,459.215
1,doorbell,65536,512,0.1,562.895
1,doorbell,65536,1024,0.1,565.174
1,nt,65536,1,105.9,0.605
1,nt,65536,2,57.7,1.109
1,nt,65536,4,41.7,1.533
1,nt,65536,8,41.1,1.555
1,nt,65536,16,20.7,3.093
1,nt,65536,32,18.3,3.490
1,nt,65536,64,13.9,4.603
1,nt,65536,128,11.0,5.836
1,nt,65536,256,9.1,7.020
1,nt,65536,512,9.3,6.911
1,nt,65536,1024,8.9,7.207
1,nt,65536,1,102.9,0.622
1,nt,65536,2,60.0,1.067
1,nt,65536,4,41.9,1.528
1,nt,65536,8,41.2,1.553
1,nt,65536,16,20.8,3.080
1,nt,65536,32,18.4,3.485
1,nt,65536,64,13.9,4.614
1,nt,65536,128,10.4,6.171
1,nt,65536,256,9.1,7.001
1,nt,65536,512,9.3,6.903
1,nt,65536,1024,9.0,7.134
1,wb,65536,1,4.2,15.328
1,wb,65536,2,2.2,29.186
1,wb,65536,4,1.2,53.268
1,wb,65536,8,0.6,101.011
1,wb,65536,16,0.4,155.687
1,wb,65536,32,0.3,201.636
1,wb,65536,64,0.3,228.977
1,wb,65536,128,0.3,242.217
1,wb,65536,256,0.3,248.690
1,wb,65536,512,0.2,305.243
1,wb,65536,1024,0.2,305.026
1,wb,65536,1,3.7,17.082
1,wb,65536,2,2.0,32.530
1,wb,65536,4,1.1,59.361
1,wb,65536,8,0.6,101.011
1,wb,65536,16,0.4,155.743
1,wb,65536,32,0.3,201.634
1,wb,65536,64,0.3,209.190
1,wb,65536,128,0.3,242.081
1,wb,65536,256,0.3,248.690
1,wb,65536,512,0.2,312.067
1,wb,65536,1024,0.2,322.651
