node,mode,count_per_thread,threads,batch,per_notify_ns,agg_gbps
1,roundtrip,65536,1,1,651.5,0.098
1,roundtrip,65536,1,2,325.9,0.196
1,roundtrip,65536,1,4,163.0,0.393
1,roundtrip,65536,1,8,81.3,0.787
1,roundtrip,65536,1,16,45.2,1.417
1,roundtrip,65536,1,32,27.8,2.305
1,roundtrip,65536,1,64,17.4,3.676
1,roundtrip,65536,1,128,12.4,5.145
1,roundtrip,65536,1,256,10.1,6.330
1,roundtrip,65536,1,512,8.9,7.214
1,roundtrip,65536,1,1024,8.3,7.715
1,roundtrip,65536,1,1,651.2,0.098
1,roundtrip,65536,1,2,325.2,0.197
1,roundtrip,65536,1,4,162.9,0.393
1,roundtrip,65536,1,8,81.5,0.786
1,roundtrip,65536,1,16,45.4,1.410
1,roundtrip,65536,1,32,27.5,2.328
1,roundtrip,65536,1,64,18.1,3.537
1,roundtrip,65536,1,128,14.2,4.517
1,roundtrip,65536,1,256,11.7,5.475
1,roundtrip,65536,1,512,10.5,6.117
1,roundtrip,65536,1,1024,9.9,6.476
1,roundtrip,65536,1,1,650.6,0.098
1,roundtrip,65536,1,2,326.5,0.196
1,roundtrip,65536,1,4,163.2,0.392
1,roundtrip,65536,1,8,81.5,0.785
1,roundtrip,65536,1,16,45.1,1.419
1,roundtrip,65536,1,32,27.8,2.301
1,roundtrip,65536,1,64,17.7,3.616
1,roundtrip,65536,1,128,13.7,4.661
1,roundtrip,65536,1,256,11.2,5.704
1,roundtrip,65536,1,512,9.9,6.443
1,roundtrip,65536,1,1024,9.3,6.860
1,roundtrip,65536,2,64,24.6,5.209
1,roundtrip,65536,2,64,18.4,6.952
1,roundtrip,65536,2,64,18.4,6.950
1,roundtrip,65536,4,64,26.2,9.767
1,roundtrip,65536,4,64,24.8,10.332
1,roundtrip,65536,4,64,24.6,10.388
1,roundtrip,65536,8,64,40.8,12.553
1,roundtrip,65536,8,64,45.0,11.376
1,roundtrip,65536,8,64,45.0,11.380
1,roundtrip,65536,16,64,90.8,11.278
1,roundtrip,65536,16,64,91.7,11.169
1,roundtrip,65536,16,64,90.5,11.318
1,roundtrip,65536,32,64,171.1,11.969
1,roundtrip,65536,32,64,182.4,11.231
1,roundtrip,65536,32,64,181.8,11.266
0,roundtrip,65536,1,1,324.7,0.197
0,roundtrip,65536,1,2,154.1,0.415
0,roundtrip,65536,1,4,74.1,0.863
0,roundtrip,65536,1,8,38.7,1.656
0,roundtrip,65536,1,16,23.9,2.679
0,roundtrip,65536,1,32,14.8,4.334
0,roundtrip,65536,1,64,11.2,5.726
0,roundtrip,65536,1,128,9.5,6.771
0,roundtrip,65536,1,256,8.6,7.443
0,roundtrip,65536,1,512,8.2,7.852
0,roundtrip,65536,1,1024,7.9,8.094
0,roundtrip,65536,1,1,322.6,0.198
0,roundtrip,65536,1,2,151.0,0.424
0,roundtrip,65536,1,4,74.6,0.858
0,roundtrip,65536,1,8,38.0,1.685
0,roundtrip,65536,1,16,23.7,2.704
0,roundtrip,65536,1,32,14.8,4.322
0,roundtrip,65536,1,64,11.2,5.713
0,roundtrip,65536,1,128,9.5,6.759
0,roundtrip,65536,1,256,8.6,7.448
0,roundtrip,65536,1,512,9.0,7.131
0,roundtrip,65536,1,1024,8.8,7.298
0,roundtrip,65536,1,1,324.2,0.197
0,roundtrip,65536,1,2,151.6,0.422
0,roundtrip,65536,1,4,74.1,0.864
0,roundtrip,65536,1,8,37.6,1.702
0,roundtrip,65536,1,16,23.5,2.727
0,roundtrip,65536,1,32,14.7,4.340
0,roundtrip,65536,1,64,11.2,5.707
0,roundtrip,65536,1,128,10.0,6.426
0,roundtrip,65536,1,256,9.5,6.736
0,roundtrip,65536,1,512,9.0,7.106
0,roundtrip,65536,1,1024,8.8,7.275
0,roundtrip,65536,2,64,14.3,8.967
0,roundtrip,65536,2,64,12.6,10.191
0,roundtrip,65536,2,64,12.7,10.092
0,roundtrip,65536,4,64,18.3,14.018
0,roundtrip,65536,4,64,16.0,16.031
0,roundtrip,65536,4,64,16.0,16.027
0,roundtrip,65536,8,64,27.1,18.871
0,roundtrip,65536,8,64,30.6,16.712
0,roundtrip,65536,8,64,30.7,16.691
0,roundtrip,65536,16,64,62.0,16.512
0,roundtrip,65536,16,64,62.8,16.297
0,roundtrip,65536,16,64,64.2,15.943
0,roundtrip,65536,32,64,131.7,15.546
0,roundtrip,65536,32,64,130.0,15.756
0,roundtrip,65536,32,64,128.3,15.964
